rechiseledcreate:acacia_window_covered_connecting	axis	3	5c0cc57a99645f5e8f048b0161ebd23ff4453ec46d5ae2e5c03f31f34d0ddc6d	979ba1ee5c11912298d3f79c4c9443ef38d0a3fb851fecbf0013c20a76ab10e0
rechiseledcreate:acacia_window_diagonal_connecting	axis	3	da59471f7ce90ea0571cd597f565de2fb89e1a35a00e892a6d8b89c0caf033d6	171baaba141e8d32f889819e6de9a32a703d56faa7a3fab6d092ac9ec5ea660e
rechiseledcreate:acacia_window_large_connecting	axis	3	8191ed186687ed5494d60d5f30d54a27a4c356db53d320729710c456a7e1a84d	bb67380c4315836257f43480aa05e528db7b64bd8d43eec0bb153c7f9b10c415
rechiseledcreate:acacia_window_panes_connecting	axis	3	408acc08148ca6eb2d3e74286ff95f3650662316e08f7f1d66df8437985d6956	c0adc5ea262319c9761a47760bc0d29678641c88030cc3a807704079c697e3e3
rechiseledcreate:acacia_window_rounded_connecting	axis	3	dcaa670eabc4592018d6728b296bd094e8c4005a716afef47c6608d5388bf024	5066e0f7c782186f7a88047b722eae69c2b8d697e90394a7f525b0cec3351cce
rechiseledcreate:acacia_window_slim_connecting	axis	3	dbd72c83c73e7d0fdceffa8bb52c1eb78e0762dbb949e58a6a093f90e578076d	e97be76f9b69441e1982da370a00ceeed98f56176364c1544dc0f3e95937b5c9
rechiseledcreate:acacia_window_swirling_connecting	axis	3	c6fdf5b0fc08c117e10eda5145beb2a9ed781ff5257e46d35d48b58236aa2602	f5f5bf70dc103790fb4f5614f5f1b6e21de33b065558c9a5f96d907962c3596d
rechiseledcreate:acacia_window_tiles_connecting	axis	3	56e661bbb4709f82e47dfe92a0bd413ed347f66439de299b6e3ebd2dde686d57	9e4ad074b849b9d2ad45b6a02fcdfebaf4bd1a4c76975208cd3a851a8e78bbc8
rechiseledcreate:andesite_cut_polished_connecting	full	1	2b1b65296a0417b8c19a82ce6bd4314e52b610d1cf3c355a7bbebe1aa88fee10	4bc85988ff9b3343bcd2a8ed402246a81f657d86f9e2a25ce21bb2b9ca58543b
rechiseledcreate:andesite_cut_polished_slab_connecting	slab	6	2306a0c4daa2bb9c5197e5c1433a0bf363054c1aa4c7af531dc66c579cbbb516	ad6c285531a0a8fcdb12f0faee94f8690440d9d9fd8fda1c7b891a4be05b60a2
rechiseledcreate:andesite_cut_polished_stairs_connecting	stairs	80	e882334833f1d889ccb605b61af69055f0f4beb0d0986fbd22e79d998447a8fc	beecc2b541e17b4efa4bfac3a41eb0e5e6d6b02f4d1ff34d255eb70a19a1ad9b
rechiseledcreate:andesite_cut_small_brick_connecting	full	1	3fcde4f8ae08d4b42eadc8fc93e9bb3dc604e41c56053bb2d1a3e2ddfd8af065	eb8bffe2e43560e54b98f3068108cc86cdc45afa3231cb9580171267191ef8d8
rechiseledcreate:andesite_cut_small_brick_slab_connecting	slab	6	ba4ca16e4cfe225da5f54693074d64680410fb4a61979f6fca2bf1cc3cda5cab	28bd9952591a0ff1546b45a0525739bb1f6da8d792aca049ea05ac6e2cfe30cc
rechiseledcreate:andesite_cut_small_brick_stairs_connecting	stairs	80	1ee375e6b8485316b376db6ef00f3fe0f7d2ba1469a68dbc0c28224bdf135bc1	41bed6e69aac7308feb46dcd7d4a615b14372823abeb4f2e86b3f3cb5ce3d598
rechiseledcreate:asurine_cut_polished_connecting	full	1	4edfd8e9930b9480ec01e0072f097a3d497c6943d025cf7cfe625560323bbdd7	448707141e7ea30cfab39e55868194b6f810542b5875fe9b262f7b1bd685646b
rechiseledcreate:asurine_cut_polished_slab_connecting	slab	6	e2be03df4ab42b5c3738efcf9e21a6703ce67f52434408028e278f6194fca205	ec35fd1d40831783875f3fa3456228cefd8e674b0e018f3d817257f20e3139ce
rechiseledcreate:asurine_cut_polished_stairs_connecting	stairs	80	4b88b587ffaf9aa85e8e89927bffd3af254fe46c1063fbfb6c872caaaf8434e1	205fd795d3a99364ebf4a147c4eb288226d5a86700f337833dc90d61ad3cf3f8
rechiseledcreate:asurine_cut_small_brick_connecting	full	1	e8808686e8424b8d8a8c7283feedf947ad671ddebb9aa0777f0effd3daf979ba	aebebd15a6af3d7139d880f4712190402e425c0630407af74cb12b503c62a207
rechiseledcreate:asurine_cut_small_brick_slab_connecting	slab	6	174f0fe829a7b5a904fcd7632c3d6001ebac1a502dd8b71e60d3ec9eb51c9c61	20dd1f19f76fa36691a1eb4e4e24d91a5c69acd2bf836f40ceaca1828b3155e0
rechiseledcreate:asurine_cut_small_brick_stairs_connecting	stairs	80	4392f66e2ac22d51a83961b76af6ce0287e0a2baf3b5614f570cbb37300ed938	4bfb9c76a1baec80e959c1d11b66040a7426269a4d6d94613522ef8bfb77e874
rechiseledcreate:birch_window_bars_connecting	axis	3	bb0b2e044758e3d26ec4e058d038f4a6091fb89a166e181560cbf4fc4c4801b4	0a3785acdc2149a437aa589194fc946ef07829910ceded0a690b1147ed373f0e
rechiseledcreate:birch_window_diagonal_connecting	axis	3	0a2dce5b88ebb5a9e40036a2cff63f34f89f783e82317485a649a5db492fed26	c82328324b9d61132949dadd5ee72391274007461b01713a21d3bc3c702c0d10
rechiseledcreate:birch_window_large_connecting	axis	3	9d1698418cfd95c4a337ab03fe1b20548096daae2e9d023646807921023139d4	66e4a7e7cde612553fbdb234e23e70ce9159a925b55ca5873fec6b0324357b96
rechiseledcreate:birch_window_panes_connecting	axis	3	1dede1903e7d34a49ef3bf2523faa114da1acca4ba89ae298bfd18ec768546d8	577a890dc98d6eb25281d3fef8eb7d37b46d3079e607dc875daa0a368e27385d
rechiseledcreate:birch_window_rounded_connecting	axis	3	9215bd1d79d4ff82b0fd66c1e61f8652de188f1b83d0da67a51261e177855144	423d92fb55a0add33fb4d6c020339926a631ab39147816c417d198d4a4886d90
rechiseledcreate:birch_window_slim_connecting	axis	3	6556ad54ef84139bc5a201a8a16ecec8936cd327cbce97789216862d13ec3ba7	7fd6f3c2ce0f98d5d2141aef1406b1d1686ebf87757cf97c2f94eac5976eed68
rechiseledcreate:birch_window_swirling_connecting	axis	3	2ba1caf0288cf7867301e82aa6fca87768d15c06cfb127ba6db54daac3f2ab5f	bd595cc2a2ec53821cecf8a1f879590081bfed42ac990e440974d6628f03560c
rechiseledcreate:birch_window_tiles_connecting	axis	3	b74fc8b68fe41cace91a5e3a1a86a7da090a8263b65704a2eceffd260ceb0e8c	5c017c6b8948cb56c9e6226c698d62969be3b8e7fe958647253fb0251d26eccc
rechiseledcreate:calcite_cut_polished_connecting	full	1	551ec5522a3d412cc42682d6174efe0a5f84e64d07306b8074177733c9d2da24	535e54afe8948f3623b2a480ee3e4750107cfd2cea2fbda0b23815802014f203
rechiseledcreate:calcite_cut_polished_slab_connecting	slab	6	ff29e9d0f6c19779d38fe3a7dc2caf1027414673dbea5c472fc2d73b5aa4f44c	fab592ad33da0dea845a0ce6a674dd5fdccc749fe9c853569ac4c79edd2d36ff
rechiseledcreate:calcite_cut_polished_stairs_connecting	stairs	80	31bdd584a6a1155549e8622d65054692187c5bff994d2f19f0eac90a4fef8764	43e13880c247f4502d8bedfca5ec93aaf7baa13cba50e08a0f0896a978a9f08e
rechiseledcreate:calcite_cut_small_brick_connecting	full	1	73423e8d0d7f98cb7564b479155f6b7d0eeda7d9ee83bdab25f91cb571471879	518034f9933dd350531f14b21bb9d8647b8aeb827a826ca3e08ea3380f287809
rechiseledcreate:calcite_cut_small_brick_slab_connecting	slab	6	0630b6f3e16bc3cd219192e16499ad805e8bd829da9f9ece5d1141a79404fea4	80d509ebebca2794fc82fb7d0e35725c95f622f2da32cc7eb1361b986eb1838e
rechiseledcreate:calcite_cut_small_brick_stairs_connecting	stairs	80	f32d0a5cea3ca881987cc9909b7f2ae54370e70f89a437d78602a51cb5595dba	c5c0532c9dd6d25b56b707c73130ca8fe02efb34acfd8ce374dc16a56e179de7
rechiseledcreate:crimsite_cut_polished_connecting	full	1	bcfe299def90b751d83e073535a8896a446ad73cf4fb962fd542967b8f1ed076	a0277d58b2e4b502553e3d2da2d1d845a3c028ec4efc952238a2b1bc14cbb9c6
rechiseledcreate:crimsite_cut_polished_slab_connecting	slab	6	9a1b1cf662f7bd579ebffc3c2bc86a277a7e546c5ce134c4c202de4e216fafd8	dfe7686aa6cb22d775502d327b372038c42551e7dc75ed94e23a60dbbe6db8e7
rechiseledcreate:crimsite_cut_polished_stairs_connecting	stairs	80	a3030c48b29e430ce3e438d5f54c42b37cbd7f344fcbdaa82d6038899b8a6990	afab7aca021aed2e8b6827a77b819be66b845a28e76a9d42ce673984f21d4af1
rechiseledcreate:crimsite_cut_small_brick_connecting	full	1	0e16225e0ea4fe98c70d01c5b00811707d7d47439083098e88600963eb4e4e90	79f14d784f6fab4d7b18c258c6d399cfe1a689ab5601138d1530b7168c0b1fab
rechiseledcreate:crimsite_cut_small_brick_slab_connecting	slab	6	9602da91becc89d30dada43c9cabdf38825eec213ae806931df253370593478a	4340733f0fa769882bd515cc832a493f32b81017f9772ed89e5a5a491fdb3769
rechiseledcreate:crimsite_cut_small_brick_stairs_connecting	stairs	80	9bfcf495613189ce77188bddf4df32b71bd633b6d0e9ff6d67ed95335692c4b7	31ab6d6575fada97d2f53dc3e481d06ae49935ac0c7c60130afe9a2843418f70
rechiseledcreate:crimson_window_bars_connecting	axis	3	56c14d691b0871ece4883a5c12ff57c51a77cf4774da6e29f68a9bd638c4d808	83436c9ba56e993fe0dee9cf7fd338c43a5c3b12d68fd3b1b0d43833673e2eb1
rechiseledcreate:crimson_window_covered_connecting	axis	3	ebba6c3bc34a8876576176609845d8c67837dafc2bba9b7555b253241132e7b4	b24ff4dcd1f7a93d3593c43ed8904da037ec6767a29e03dde8ddbb18b94a1e14
rechiseledcreate:crimson_window_large_connecting	axis	3	e711181d5a30c8a10b04b8c8e7265d7e8d0c4ee2ad0693661a1cfbbbf64838c7	c5bc46b013995ca83f1f7ecc6c7c39e5f7644d5a5c91c144bf4e2fc2cb125264
rechiseledcreate:crimson_window_panes_connecting	axis	3	6f3536b64569f78d4383f0559493cb15d4663c8bb770ab27fc6ad26561b8b94b	44130796bc98c8e8f0674f44423d941606d94ad60391f7e3f86a0a243f450376
rechiseledcreate:crimson_window_rounded_connecting	axis	3	e745478dd872aec3d5688d2cc955e53570f05617f00d5d641ea5ad662bf406ab	9b19d3ab1d161dca489953992cac53a351c3e3a70248b9fd327dc3f3f31ce340
rechiseledcreate:crimson_window_slim_connecting	axis	3	ca1650a33f139336903212be7aa136c33a753d7771b42c0403e16cf00eeb0e90	eb7aed81e082c39625dc9685ed2f13b94d039e93ac31ad966098b4598db9a356
rechiseledcreate:crimson_window_swirling_connecting	axis	3	91380cdffac2abc661629efff4e04b5987852bfdaf0a6f7967bab465869da381	a306ebe48a2ffe478b9c050ce856632221eb12dca2ac5407e3e2d07fb1346f40
rechiseledcreate:crimson_window_tiles_connecting	axis	3	13a0e27c72ec552bbeda76dce3a6ad1cc13c0896f005219677115defc334b9f8	ea9849ea7a03b159a90bfb7372714ed201a4531cb3b86ed5d34af953d99e9af5
rechiseledcreate:dark_oak_window_bars_connecting	axis	3	302a8f27f3e257d11b05bd5cc8725a84e9dc8446a1e54eb7b605c9faab7e0e1f	9da6011db323896ef5f784a5863099ad771e356d151f9c711ae9a65f0d0af943
rechiseledcreate:dark_oak_window_covered_connecting	axis	3	75a442189f9780f15558d2abcc8ab9583c68ef87d6b9800b10c0aa8407c5f411	fe3c2528c4901e3a23c1bab14b0a05427285b12476b37b3d216f0b78b1d7a2f5
rechiseledcreate:dark_oak_window_diagonal_connecting	axis	3	3c18e3c704e6c620af22a9223bc7e6327b7519e602392059db3c9997c985c637	aaeb57813d5ac323384b857657b1ce1be030b2ce56c9855019b9307f1048136d
rechiseledcreate:dark_oak_window_panes_connecting	axis	3	94e3703a41c9eacb03de7f8afe522d4c1dd6cddf5062b58d4ee1c755d2d4af76	9a390f7111344fe65076a1829e650d43a48ee36357757bacaca6a81ba6bcd96b
rechiseledcreate:dark_oak_window_rounded_connecting	axis	3	0f32f8077be0310a0480d7f5aae90064b23e02580c33147b448aff69fb6c4ad0	7d475dc96b7c35ca90bb2ed3f514da880f7cf8115bc16197512948a46e699634
rechiseledcreate:dark_oak_window_slim_connecting	axis	3	c66e6210e2cd43f0e071b5d86f667f147daa9dcdbd1e2b7525fae21296ff2058	5a8a8907a95d5834bb7bf2c2a85159f871a9156c1d378f5cbe327945354f6eef
rechiseledcreate:dark_oak_window_swirling_connecting	axis	3	fe9d34395ff81377c62dc3c58045051db2c9b75b838e65b5b504bed19840f15f	40412b2e3676e0250a1236df9916be9081c55b22f2da018e4b9738d55e64da7c
rechiseledcreate:dark_oak_window_tiles_connecting	axis	3	429bc46061c7e16173caa3846b181b5cb83d692814a74eda5260bb4e341fa330	3232183eadae4585f51deeb3a2038eeeca146c6aa04071f362bb35f119ca84a4
rechiseledcreate:deepslate_cut_polished_connecting	full	1	82b9375b7730cf9ed56aa12d6316d587a1768ce81ba9efffcd348d0e4032cfde	38f335ef06d88bb528088bde931aa8ac6b30e37727d627a2ff0af9a87d13b5cf
rechiseledcreate:deepslate_cut_polished_slab_connecting	slab	6	5f6a49628e13972a5d566d33a68a55a8edaa0c9915f17ea85f607481fb9bcf17	b22961837741c13ea1f8da810bef8fcf9616bcf1d86f53cca62ed465e1434ed3
rechiseledcreate:deepslate_cut_polished_stairs_connecting	stairs	80	5958aa62e74765bdebc826a18b63b73139fc9ce002bd61f394ef3fc10f2cd7ba	048e9e9d64870a33e8b3f669d889acacbd98310985ac83d5454f93bbeb4dce22
rechiseledcreate:deepslate_cut_small_brick_connecting	full	1	23330e36d2c871d995bfe36a4e1ec06f0cf20060673248cacb677b179fc129da	7ae883600c4cb05c14bdf3db43aab3bea83f875d50abfbe5301d386b7e76eb48
rechiseledcreate:deepslate_cut_small_brick_slab_connecting	slab	6	98a72281544109bf93f8e8e5dc7cdbb0e8d6666a9bf5f079d973ce1678652802	92f43d101bfad12915439870f9eba1e79f1642b1670f3aac3359c9f701ec1a7a
rechiseledcreate:deepslate_cut_small_brick_stairs_connecting	stairs	80	96810d4d6a52c2f426ae583bc1c98e90d98a11e4d103772d58bdb05f659122d1	a11660103d5d938ab0542c5feaa0dbc857c56a0b42bf766301aac520eec62c1e
rechiseledcreate:diorite_cut_polished_connecting	full	1	15d9541c1c56e76388e3a60f0a8e37a41d0520bf0feaf6781902357305e03f30	7fcc6bb2b303683856a54e368fba3cfa217fbcd8539a0274dbfc2aaeb49fa11b
rechiseledcreate:diorite_cut_polished_slab_connecting	slab	6	5eba1539e023660733f512ecbb69dd5d506202e348e979424afe0d5b5f1fe828	fbc3e534965c689cb1745935a8ec37a8788c5edf17c4122189c59185a7825880
rechiseledcreate:diorite_cut_polished_stairs_connecting	stairs	80	0619532dbe8c9bbc31769c6ae81ee1ef6caadfb8c95fdd409e4ab03e541b57e8	67af7ff9260bc9f5fab9ece174902d96e4f918069a12b0267a911c71d9d71541
rechiseledcreate:diorite_cut_small_brick_connecting	full	1	3a1b62983424420ba16ca794456fff39bf8dba77168e3ac9aa0d962910f47bf3	7b28af61664c277d84b637daf01e30dc17bfebae70927c1f923fd8f0a53d7bbb
rechiseledcreate:diorite_cut_small_brick_slab_connecting	slab	6	300777bd3d3bd00e041a9b96259e560293aa8df0bf7ac28c4ea01d0855fcb4f5	1207c1c7cac6274b2a0dc925d315bd3b1472d3ea1946e61cc9bab811016e7cc8
rechiseledcreate:diorite_cut_small_brick_stairs_connecting	stairs	80	16dac942f6b21495d771754fac9c574a3d04a29e3e804906903b6e9fb3254da1	bf69ddc1fd0a5d02c7750e9e96a9a3cfee8e6b7abcd235b34fd8ecc8538de6ab
rechiseledcreate:dripstone_cut_polished_connecting	full	1	6acff961aefc8f059c2fdc9892e6c51a0d65e7136e9c29c7f911e71d6758e51b	83c431ac9bbf4557659bf1188b10197fa01a29adf82f839c4549d918b6351886
rechiseledcreate:dripstone_cut_polished_slab_connecting	slab	6	589646988c589c06401a28e14f8e17e1f3fe6c4c615be1faa984c195476d1ff9	59b00fa74597ecaf67dadd717e7b617faa1bc79bb6d01aa8b72aad40ebb8ce07
rechiseledcreate:dripstone_cut_polished_stairs_connecting	stairs	80	bbaca9caaa55736bf5d215c9bb5e514dcdf562e347dfec8a952f55a9d8af9a58	93f508ee41c77b9151301916e390617ded4c4c1b7c52e1c1f8a49864003536ae
rechiseledcreate:dripstone_cut_small_brick_connecting	full	1	d52caabc32d1bf89bdb74ac8b006bbe654b52c11e1623849afbea1843ff2affb	3b3ebbe266e6492251f374be5816be4b06afda3630cd8c16d02b707ddde90f58
rechiseledcreate:dripstone_cut_small_brick_slab_connecting	slab	6	0d094a489eeaa101ece20f29a9f34c05e04e66ea0cbdf9d106fea5a75bed8fc5	34f5a965d0cc9ef36601f26f55d60d500e4b30fd82056bb8d19e79216fa5ace9
rechiseledcreate:dripstone_cut_small_brick_stairs_connecting	stairs	80	95b898bcc71eea27fb2710bea57136a36e93d1d42c33e023e6e79b6a7a30cd1d	9dc385a6129388a674f9d3f71a800878a8c3f2f00118735be22db6d86a8b968e
rechiseledcreate:granite_cut_polished_connecting	full	1	fa9e736c2a8cffda5db1d7809cbbb31e514b51861b828cede44e906df73d7ebb	3ebd76008b4a96cefbf36f4304bd5ee4c64d4dd8f83e94657dfae030c7192a7e
rechiseledcreate:granite_cut_polished_slab_connecting	slab	6	5a614a40d5f032320587f2ec856cc4e4ee5c50553707f0ca023633a9500c6065	4b14fb510e6d92728da0828c14dc4b6eae57dd7def302f7a7b8fa73a33c4e798
rechiseledcreate:granite_cut_polished_stairs_connecting	stairs	80	2244c656793b4f1fe7ee500798a4a61a3d9c0756bc536248e52f9550c8423c08	454c720a2e7a1733d8310b207d94e8265b38daf42e2ce07de2088553d75f35bd
rechiseledcreate:granite_cut_small_brick_connecting	full	1	3fdbe1535ad67414d3307ad517e9546bf0470221f48173622eee0348f80003fd	9d25cf4851f62724a0e8086b3395be68a95dd100125ba4fea6688dcbf82b9099
rechiseledcreate:granite_cut_small_brick_slab_connecting	slab	6	53c0c978e4c785cf551625c15d3f2861fb75d37ac392a543b2c13fb45c015861	9c8076540796c5d2aa59d4b7f0bb7b2128dd07d5b33445700caf4c0d04def438
rechiseledcreate:granite_cut_small_brick_stairs_connecting	stairs	80	72e80771265bad2d06ab903bf050c9461fbf705f5a6a11c24ef3a8ab3d1acf46	486aef3f232d7a598219d80b35a69aaa6b48884728c1fd39b38994a72505c950
rechiseledcreate:jungle_window_bars_connecting	axis	3	db1a6dffa4de3546467d59a8823edb2903b3d78cb3f43b844a6f17abbe594f93	72428e1663de9999979b5d69663e5c60031001fe471122729bc05499064a4835
rechiseledcreate:jungle_window_covered_connecting	axis	3	555835f1fb01676885505b326bcc25c9981b09b0645402128baa141beb24742c	a89ebc59474dca956680c31ba0ba69f8ad26180c7e7bf3d2bea1a08d48860bdc
rechiseledcreate:jungle_window_diagonal_connecting	axis	3	822197d1678826a89a69716d713d3a77a34da22eec27428e409bb38474ae1d99	1a83608f58d809782804ebf86f745c8716cd9e43450e5260377a72651726ee75
rechiseledcreate:jungle_window_large_connecting	axis	3	7d7926719d5ca5ad8777132d33a3575e519fd70eb57a686fef49f2f5f34b20b8	47a43bb6af088f9adb406be2f37ec3b1d94e6e7bce374103b90a7823feeb6b08
rechiseledcreate:jungle_window_panes_connecting	axis	3	a52e1e82a1cd75c2833f4733c258351bb588c6f8321216ffd9340fed2dabe75b	adc7e17e94ea52854d665c228473c9bfefa6b1b5d12f6df21b4456cf03d2cdd5
rechiseledcreate:jungle_window_rounded_connecting	axis	3	c4674590cf30e1a25d1059b69121cff8991333e3c7832ecbd8bd0602196eb308	4b435e7564c8bfbe60496e72c81f37570ad0c1fd5d9e9ae309e78e2c2104e943
rechiseledcreate:jungle_window_swirling_connecting	axis	3	779c0b123c0360e99e12cd6bc177c7905fef61213c6086c82a41e8ef45388c93	29d5830b7de7c6f89f6bbbfbace6c633dba9aea961fd109df3ca3d2fb07d4004
rechiseledcreate:jungle_window_tiles_connecting	axis	3	068690f6abb2bcbc89fd47096c7ee68ec84c49dec0d0654fe50088a8e17332bc	4a48afcd8d1464eeb5d3be1722536a1bb9a51bd6fdcb077f222fb11636b2c6fa
rechiseledcreate:limestone_cut_polished_connecting	full	1	889fc9459f81563db4f4ea4108729d11e28400c80ce75e75dac5bdcd46c5f50e	739c01fe9e9155d29c8298b2c118edfea7e7cc22afe12bbfb481517d4a74795e
rechiseledcreate:limestone_cut_polished_slab_connecting	slab	6	160e38aab96c8fdac324a67a719d73cf7ca6b302ded8b6fb02669a687cf87e3a	a0b9469fe99e9ed0c2371331bfef802c8b0e864f17aa243eae632047a08a5102
rechiseledcreate:limestone_cut_polished_stairs_connecting	stairs	80	10ac6f30cbfce94f7a56a0a20160946ce2e6b5d712580ef677c142f5aee8ddef	cb52e52279ed22c8400fb8f8cd5c0f78a64869172f1e6758d36e1c3a618bd970
rechiseledcreate:limestone_cut_small_brick_connecting	full	1	124c8585ee7c80f9d6a481cefc0322660df57c0bd1b8f3343ea2813170e4b6b8	039804f46e4077b8396fad8b7541f99f7c6af68d70dd6ea1d815f06d6bac8edd
rechiseledcreate:limestone_cut_small_brick_slab_connecting	slab	6	5055f1caedc087676366312b85cb8805de04e57c65bacaa4ca37a6a974b51ad9	1b38df616d2cfc4bda62aca501f1a8dfeb66e79e7c5be295d94be37c0b572623
rechiseledcreate:limestone_cut_small_brick_stairs_connecting	stairs	80	6b9525f65db3fa7713e84138b66bb185b53f615f8118a93f775ef03f2cd4d1cb	da0e67d44f4c4d276f2b47b14b931f9056e4cb1b078ea0cfa3ab05ce1ee2c0e1
rechiseledcreate:mangrove_window_bars_connecting	axis	3	80c95c8cb101a33a1bf81dac7c7950af757664c41cb249c5ad8cfcc7fe733014	05f2c7c420c001a1bd9a10958b7648a3fcff408757e1c18ba55d92728d5c6f8e
rechiseledcreate:mangrove_window_covered_connecting	axis	3	c4a6bfd19b2a70690ef4973d07eef9872231e02aee8665d9a1840a45163bdca1	99fb30c1c6e4343b57b46ba9a0bd182f272754370d3ad6bcb2ee98a93b771a37
rechiseledcreate:mangrove_window_diagonal_connecting	axis	3	3195afb29d32465aa47c0ee423f1409c0f1c13bc15dd380e8f05871b440b7e21	19fcda3e08b981c9bfdfbd09fbe1ced809a57784e0500743d2dbc38328762582
rechiseledcreate:mangrove_window_large_connecting	axis	3	c6bbb863fa19e2b92e9e16d8359f34630cd3e221c644817d5da11d730cb287d0	9c30b876e01abfb862babbe49ff4a244e666d243014a0e8c3481056d4bef3a9a
rechiseledcreate:mangrove_window_panes_connecting	axis	3	dc01d62932f670557aa0d392752c2900c5f9d1bf233bfc60f59dc8f3e5861ebe	4370e51b4c2965e396de25cc54468f1373a1264004f666af6478121b3e575449
rechiseledcreate:mangrove_window_slim_connecting	axis	3	d7d0c7abdefe92f67b5e96ecb7ec2957414850884607a032d4d56c636ca351fd	c026160d6c8c84b28c39ba7b8e09483935a3f7a2e827e938979e4bd51e1d451f
rechiseledcreate:mangrove_window_swirling_connecting	axis	3	e322685535858e0e5b55d6a41dff4f887a559e1b50dfc2f9e46e34b15f3418db	7c1a862cf459f5d70ca50196a70ec1b75143cc1fc7e9b36386015ccf629b57b6
rechiseledcreate:mangrove_window_tiles_connecting	axis	3	c416b5c616c460b42c8cb2b50a75cb2795f674ea5cf7462366885164c5e25c0b	fbd0cac0c3a799a09c5d5258cb348d25893cc1de0b193c56cff158967aa818af
rechiseledcreate:oak_window_bars_connecting	axis	3	af7e7df967b3b3e584cc41aacbc73c11be1866b04b4513e173987290ed70efa3	47846f3309ab22e9ce42d7671911d7fc6a80fa4cadc578e6d2a5de49ffb08128
rechiseledcreate:oak_window_covered_connecting	axis	3	bf4fc22eb2a0ba3e117aba64b5a86a79dfac9767a237fca3a40a95c4eb21e316	9f851269f79bbeffc596716882aa4e8c420fd69273a9b9c6b9b643cb21e0a34b
rechiseledcreate:oak_window_diagonal_connecting	axis	3	be78d5d9d6baba7857decef252c5100b2c1eb88fc1f162bc6de39914af4c17e3	12ec758c39e7a34a294ceabd3d302beb75deccbd4474db42421a3b40628a6de6
rechiseledcreate:oak_window_large_connecting	axis	3	0030d276bccf5cc7b20c1cdd521b7ae0375039e479bbbdf5e1e9e151d1e8522a	d66e895e8a647950ac5dbb32313f4867de4564bb0199348caa3004acc5da2ef5
rechiseledcreate:oak_window_rounded_connecting	axis	3	b98406ff02c284f9c69bcb8c2a1002ea768cda93af5cb2887aa31781a3365a5b	31ae0815706b7582eee90cf79391b21d924c60ac23cdbc82b09b57ed9cc579b7
rechiseledcreate:oak_window_slim_connecting	axis	3	0e6b8b9fe7d593a0dcc950ef40108ca539bff3b246c188b6bbfd07d566aa7c2a	28f676c64666ba33c28d55c43741b44bdeacfc90dfbf3b3c93d1a0f0a6bec950
rechiseledcreate:oak_window_swirling_connecting	axis	3	af20a1afde6f9be71a5f5eeec6281a1e48540243a2a562a8d7856735def6151a	344ebdf545d712b4305112d5ad195ff625cbbd0147cdc6343e2516e8b49db173
rechiseledcreate:oak_window_tiles_connecting	axis	3	7b4f04407dc6738703941f9a5b69d8aae8a79c151ac1d057b8a34f34c4b29c6f	33ead2df3c88568298b92a1546e5953aa22e83e403fedbaca7c00ae829c0e29b
rechiseledcreate:ochrum_cut_polished_connecting	full	1	f9428d284ce0025978d33fae59fa4407895b57d183b8c47a0629a898277d5814	ea5d34989690ceacd53ed05317f0816431a1b2461699c05997c0fd775d5cf314
rechiseledcreate:ochrum_cut_polished_slab_connecting	slab	6	b3c5083ee3c82d3b6549f0d03a67b0e848848a566dd71f2c0209a2b0ff8c0b32	b7bb44e83787094acc49d0afe62e331c262c44eda4c07447947f34a6819a2010
rechiseledcreate:ochrum_cut_polished_stairs_connecting	stairs	80	ecc0e11b9ff300ee4e5594835616173cb30c40bb0a9dfbfffdc9aee2964ff1aa	8a1bedee602863e6a9efec7f5bedd81b6fa17800867331c3841fa96ee7a09086
rechiseledcreate:ochrum_cut_small_brick_connecting	full	1	8a0088525b2f96dbe69cf243d3a5817b0e26671b8f20c4dc212437fa90d043c2	74f902037de1b73d2d23c577871994c13eb057ed576669c179fe34705b34b89d
rechiseledcreate:ochrum_cut_small_brick_slab_connecting	slab	6	9dd3cd9d449251a30f25305982817129eab7038410f94725313eb6a82196b7e1	31e6851568d8aede61def2feb37ff8b060354b1dae7b95ca0ab404148ebcf3d2
rechiseledcreate:ochrum_cut_small_brick_stairs_connecting	stairs	80	924bb8522483aeb29bdc3c08d2542cfd23fcf8fb53a840da5ce2747c427e0cde	fa3cb05d3b1e6c930126b5244166903fce483e00e8f7aa915294810b79680939
rechiseledcreate:rose_quartz_bricks_connecting	full	1	7fface6690227527519d339cd9faaf92e12b7148709afd28cd4d718d6c7e9e80	38b71d4066733f5decd2b7d80a09a5f2d9634891ab986e7fe4d893f780a51328
rechiseledcreate:rose_quartz_chiseled_connecting	full	1	55ccb5639a54ffec4ae03c7391bb6b536fbca1f93aa62bdb605c8ef100c6bba7	4868fbef01eb2346c586ebc562df9d809e077d20d26286a3116415731fce394c
rechiseledcreate:rose_quartz_crushed_connecting	full	1	37111234604894c45c8543abfc514e462521b114a4d82fde66f386a48183860e	2d8f018ae80634eaec06aaa7be7025159656526bbaa2554da1d3c02a4c677515
rechiseledcreate:rose_quartz_polished_block_connecting	full	1	588be56190a660f29d16a345ca4768a9f5aed70d52ec9ac46e352ca7052b4991	f1718154a0fd0870ba5e9564d5414b5d47b3864804ca45b795b988b93497ffdd
rechiseledcreate:rose_quartz_squares_connecting	full	1	823c2ea4429f8cd55ffc87e90a127ce019ca408a4d71d0f88f565ba92f3d31bc	ccd7c6f1df7a09bbef3e4ef1ea6f74f02f348f18e799f04daae0a2abb2271d9f
rechiseledcreate:rose_quartz_tiles_connecting	full	1	aca47e1d478acdd3ed86358f464fd8be833f55e217f1a3ba54faf8b5bd0b5912	60c11f528eaf17ca5a0303759bf3245bf695916a5d22baf40fb952be40f9321c
rechiseledcreate:scorchia_cut_polished_connecting	full	1	6598f156f5077f18dcd8ed7f63be2676183043e3e7e7fc8420d16fe2ff6dabb0	fd5b55eb4c9e7e055d12da362cbd589af572555c76a99ef6dbedfd84133dfcaf
rechiseledcreate:scorchia_cut_polished_slab_connecting	slab	6	e638c5ec9283406d9e61c85122ce69c341afc1b975314521455ee2ef2c94890a	bac06625101918aec4482869ff2fdc46056a703473072ee08a7608f4767e7bfd
rechiseledcreate:scorchia_cut_polished_stairs_connecting	stairs	80	120199a9fc4e43b3f4b4f735c44ef483998bfe908396bb907d94123f878ad652	ab47f75a231674f57857f97ab40a7adb6704a90817f691ebebec5c26b52b314f
rechiseledcreate:scorchia_cut_small_brick_connecting	full	1	f2c90e786f9038650e6d0a343826257b3cb2c1125cc138ffb541ceb8752be1ab	8977970241833dc39e97d4c2c0ffe58bcaf94c5b406f3a73183edc093d8c876f
rechiseledcreate:scorchia_cut_small_brick_slab_connecting	slab	6	c65bd4d260a5ca64d832dac6f673f0614c8607901e28ec2ffa7e9771db9e5665	e6a1ca9682a6aa92f6be24f1ecc9fef7d0d56cc1bfc4ecab9a04c550f026ae34
rechiseledcreate:scorchia_cut_small_brick_stairs_connecting	stairs	80	4b53ba3c41853e1d741e28a9514c6d5bdc1e5e626640f15c38f8661b0a7826c0	c04fcc55902a9991463dc6126871759ca25b88683ceb75c340460e750c6b5745
rechiseledcreate:scoria_cut_polished_connecting	full	1	3ebcd7a77b05a8293410cc9a8a517290d3f64a56c09a67040a075f831f402c05	21a3a692886541d8529ca2883a946aab1d16360dd6293bf58f1eabdc0d1be996
rechiseledcreate:scoria_cut_polished_slab_connecting	slab	6	f73cbd28e3489fc709ff2de019ccf936bc6610d652b74a09fc6bffa14d80d1b7	8d4e1cf8d299ba290f417e47702a68c326166ef0f2be95fe83cd837317c813f9
rechiseledcreate:scoria_cut_polished_stairs_connecting	stairs	80	83bb223aba65fdcf311f88d406559a88ded6284075ef70b7f053c885ccacead9	7fedebaa68168c24e791691d9737572688e4b68fb37c367306b0dbf2dc4f1b22
rechiseledcreate:scoria_cut_small_brick_connecting	full	1	36b21f896e202f74b27b230e92b04bb78cbef8ace5473b98ffa4e0f0c629fc69	77da5d43e0d5eac40a3c1ff1c95c65fc292738f795f2d384f9c203788de4b2c2
rechiseledcreate:scoria_cut_small_brick_slab_connecting	slab	6	7e6ddc2d790fab0e46a5b548d1d620e7843890bd193149ca1df5803680e76fb3	0724f7f7da798754010244a43f2c14dc75761992acf55d5e6e939af347dbeaab
rechiseledcreate:scoria_cut_small_brick_stairs_connecting	stairs	80	85bb53d733ea27422c2e9ed75e594b34c117a688b54b14c40512b62f8369f1cc	c2e2d01862d0abe9f617df72b4bbaa69632a5f22c487902ab174235391bf8ba5
rechiseledcreate:spruce_window_bars_connecting	axis	3	98a23cdfd9614e6f10f9d1511e85f1a1ae6f31f2cb2034992d8f7de4f181cc50	c03763031f01e75382493c23c938b063e8977e5ec71bca20de4e7bf3c5f3a8eb
rechiseledcreate:spruce_window_covered_connecting	axis	3	b175e68777a5aa771fb0f49968b92f302bef5aab6fbccd9d250a89fd8270e6be	dc6c5d005ea0e0fd309608bd8cca3add8a7141613a9b5bb3622a6cd78e3c3608
rechiseledcreate:spruce_window_diagonal_connecting	axis	3	d6585f7493f7f3a866a757a323f05a67b3d405a9b72ab0c9f7a93616c6fac169	27b5cc479699abac0c69074d8bdc38aacd9ab41d8dff51d48513e88fb43e8c93
rechiseledcreate:spruce_window_large_connecting	axis	3	b6029e90b3c5f05974ec03ab12a13b8d793cdb2765d64cef6080127c550f9d22	d02b0dc14bd4399f488b1c1e86ed9b0c53904f0bc129de39a5103b12a37b4802
rechiseledcreate:spruce_window_panes_connecting	axis	3	05ae81f626f53360adbb1ff600f527c276e8a54826cf208d7de2f3739a6e36d5	e971db5233530e13774de76ae31b13d5f8a3c746d1d6840766bdd41cd7c72697
rechiseledcreate:spruce_window_rounded_connecting	axis	3	f2215f10fee330d04c9cca8012bb38ddcd306e5e6b1a28b6047de881a6fe749d	9536410a2fc93a3b19128bb19c78c3850a8e08a922fe453622f01d12d20a591f
rechiseledcreate:spruce_window_slim_connecting	axis	3	b819da7275529b9ff6f24a8aa11821cae3d87915f8dec3faf02861072a9a3289	da83efb363400aa7d6878a696c39a8ebc85fdaa4a44c977c753629c28ef51aed
rechiseledcreate:spruce_window_swirling_connecting	axis	3	2d73ad6dcd6bcd4604a00e3bfa0ce02988d5ca3d76f92971b676ddca50bb8ac0	1b2fcd4186af26bd885aa1c8aa2c5cf025bd7728b359ba0e4692a45a3d7a97ea
rechiseledcreate:spruce_window_tiles_connecting	axis	3	9c37b9c23442365e86bd3dcba5b6de229adf6a0425621b4065530953a8d6a4b8	e2a1598cc505331c1adf27dee43a19a94e36e0635fa6370d87f07ad1bd5872ae
rechiseledcreate:tuff_cut_polished_connecting	full	1	de1b5d060a70f4d3bf376ec968a1063ec2245cbe084772326bdb563e1d20d142	1ccdd4fe1670e0595d11303efde54d8137d9be0f3f66bd28848202a72d921620
rechiseledcreate:tuff_cut_polished_slab_connecting	slab	6	61c9b53cad0dc4b304ee5fb0a58efd1fa91b1c647b3613b0b6843fc2207b920b	e3dcaafeb36306f300af39357e6922d7535c931df697a5d412e5f2bc0d138719
rechiseledcreate:tuff_cut_polished_stairs_connecting	stairs	80	703810b244443a1aa1b01861d774b6e2048e0475ae1ac1d37b9563cd8ad4b251	2a832b887e1b4b3a5c0d57a1cad059f7eff0709f4c48cc0452f5616f8747ecd9
rechiseledcreate:tuff_cut_small_brick_connecting	full	1	e743d194d1e540611f1cb3b9940c2dbb0947e8aedfd809cbcfdfc2503bcc0d62	5aeb73ea0ac3893b54d2d48df61c2bddb20090ffd78305053048ad4979208255
rechiseledcreate:tuff_cut_small_brick_slab_connecting	slab	6	f1ea8ff1a90e223e4fa01bbf208bdd3bd240722d446b59597abf40761532ddf1	e4838a89e2213cf16ca1c946bf3b51f6bde7e83f5c0192f2ef95859cd0fc750c
rechiseledcreate:tuff_cut_small_brick_stairs_connecting	stairs	80	e62d24104ff875131886cdce693e2288415d56d345a59a9e71addcb46e701cc5	11ca29765f472ca0475496dee504fdc4975a1848e4edb3a2d766492389162251
rechiseledcreate:veridium_cut_polished_connecting	full	1	d336621bbc19c7ad85a0cec0eb0002e076eb9d8e63e6e307da4312ada62e7d08	fce41b05fac2bd7982fc578b46ef582d7283d01a82ca89963ad6039b9be63e71
rechiseledcreate:veridium_cut_polished_slab_connecting	slab	6	c8bfadff57876eb914459fb3568d379f4c4b406a7aa87aa94676df4295b38514	7217d1c9b6d68f292e309210df5dd7b46f067fb0196949cba39647ef712c271c
rechiseledcreate:veridium_cut_polished_stairs_connecting	stairs	80	1c912e9b570a1f01db9d77a99a6b082f8b65642de62dd1a6a8723c2ec039aeab	afc154b81d1a8a33374799f9dc6dd91533276c99a274ea61c62da2abb7a551d0
rechiseledcreate:veridium_cut_small_brick_connecting	full	1	5650a234188d867ad5249fdf7e7106b75c1c3c88a765b9f7b151f990a51001dd	cdfb7170add82bda0850f75d7ad2735aa8fcda9bccbeff5fb7085bc4ce57bc4b
rechiseledcreate:veridium_cut_small_brick_slab_connecting	slab	6	9792c01793df702ed5bc9c398a5f2afe2db14f4d80117788aa1951e9c3dbd318	5f6cbfbcc834413177e35b5d271a4a55b9f11a2a2654ceefab1de7bea51c87d9
rechiseledcreate:veridium_cut_small_brick_stairs_connecting	stairs	80	5d5b33c214aff34bf0deef40fde682c1a43574a898198588c9ebc366c1da403d	ccc28ef6d2852861e548857e53c6985ce7a57356583d1708bb15969c4dc4461d
rechiseledcreate:warped_window_bars_connecting	axis	3	6f5bf7a3fc3279722ffc40604b7b0bed3df6ff000565956f48ad71a33b6a8410	2d98ab15619910ec9aad207ae8e894da56e6f27a8f85b5a3110a8ed34bc55b8a
rechiseledcreate:warped_window_covered_connecting	axis	3	331326c168c5fc655c7a784b84e1615ec81a2c3d77e345cc5d210a2295d6e22c	0df832461aa19c01bd5a7f3192b179cebd9f6f324e491e20461b002ec55f4f3b
rechiseledcreate:warped_window_diagonal_connecting	axis	3	9e3fad5687cd37830f37e920fd97364181303fa1a1482b9d414bc94d7fb09c11	0e36eadd329226b0c72b050e0945d86eb5d3550e36afc6b47996af58aeda3dc6
rechiseledcreate:warped_window_large_connecting	axis	3	bad0d5ff60f2781dcfe309daa8f19acdcdcc298be85250b5847659d8289aeb4a	f76077296032a0454ade5eb9a7d34b90b9f8cd7e2b6b7ffe6e29aa2b926b05d8
rechiseledcreate:warped_window_panes_connecting	axis	3	680c35ff9f09fc2a2c6570c2131568fee1253628ebc77936f1aa1e1fead2b94b	beabc619acd3306cf6a26c26b79f06a9a1f0568e43fc26504a829514a56ea176
rechiseledcreate:warped_window_rounded_connecting	axis	3	79fa3b7405504c33d2c0dd7119c5d400b887bc1b5d28aa36794fa13275e13b46	ce7af69e735174373f581c9d528d541b61f18bb11f86cd822e95a9ee3f53400a
rechiseledcreate:warped_window_slim_connecting	axis	3	22756ba3f2720d8af9579e9ba148568418cd43c95045adb07a8e6afb7df2d58b	087aa7e21e932027745c44faba69009a062113aaf143588bf72ae4f783d45ff9
rechiseledcreate:warped_window_tiles_connecting	axis	3	b7ebad2e369b0bb7159b44d6ee72ad841b125898a485ebf38ee6287f05f8a0d2	40a8196cb9813c2874c49d867cc0f027b54a3ca7421601295a9a59f11c6e8adc
