rechiseledcreate:acacia_window_covered	axis	3	25aae90a9b11cf45dc6daaec8ac7d94cbecf8ae1a5f8ccbb51fce8be8fe386e8	7eaea07d842639d3a817601ce6f4a1e51df3ffade9d0c353bd425d4d6c5e0505
rechiseledcreate:acacia_window_diagonal	axis	3	d0f61c7ef66fb07e8a06f2bab2d5d421fd456552f233a31b5adc1eb92fc06db7	78af19a118c18915e721641e80d5dc36856d3b91a0181a0113c2305a5c86ca9c
rechiseledcreate:acacia_window_large	axis	3	7954e5a54d85dd307bb13d65820e0958b8e59bdd7fe9521954a014711a33a6d1	1e00bd032952bf901f76806265c268817f4eeaff67a23f24ac885f6a96d4cbaa
rechiseledcreate:acacia_window_panes	axis	3	8ee024a1df04481c203b29cb11842c11c0a6d9310b09e0029734a193c6a1aed2	2b0e699e4b9f0efddc35eaf36d91737f480a7741afa26909aae2e5ba43e64233
rechiseledcreate:acacia_window_rounded	axis	3	e2929dcfa4f9ad267b34b99e497f3086cadbed8685e8e6754cf1b37b964c544b	d4b48a8f398fde96931f15e1627653a7606c7aaec180a230dee780dd6682b64e
rechiseledcreate:acacia_window_slim	axis	3	e9bc0a19f7cefb67e75c4aa1cf08f833ca63d9aab73bb000445bd54427c501b2	72c3b03ad8a83664103a29a6b9fc3bb72e71ecf809cafe8684eb010b3ac185a0
rechiseledcreate:acacia_window_swirling	axis	3	e3424783afb92df864f548b6d3c97b1d39aae1d398b270822806aa8c6d54fd1c	6345c840fba336fb8d08c7ef08e39f54267dcaded9568dd820b4372807be6870
rechiseledcreate:acacia_window_tiles	axis	3	aea39eae7ff8559f4ba8dfb98b4965b5947ac349f7ec6bfe0a79ba4ba5010581	98f78de24f644cfd607424051647bd31c2cf8522a6517a1d1994cce9a2075b44
rechiseledcreate:birch_window_bars	axis	3	2e9d07f367a689230ac9d4314bf23f18ff768fa36b49da5e7cbca1f98d1a2c80	ac72dd18a56fc8e7305096ccaf769f0d7c88515064801f23df26da2be942a38c
rechiseledcreate:birch_window_diagonal	axis	3	a5f9e9ce037ff43aa2d8b5d1c95223e5d1aaafbb8a7b01169db6002230acc5e5	1e75709ad452b96cba151fdd4a62c7ed410a7efbb54ed6acad945e0e972e06be
rechiseledcreate:birch_window_large	axis	3	b3707d1144fc3149179726f388eb172a1a45a83e5a752181dae7d260f9e50ce3	117b5438e4f2ddb2871d479f8f9e9f61862b1fa39ca098f0ca4126db3356bff6
rechiseledcreate:birch_window_panes	axis	3	285bb3481bafe9b859d671ff1903b29361166a43fdbcb366c6c3803a3c75f381	6db778545fc66a7b9a474cb7989a3fd0c05113855b6a916f6c8d7fcedae5bcb5
rechiseledcreate:birch_window_rounded	axis	3	d74885374008cf2b2d98458200b47db047357ac84e65b87d5b5b221660f33bb8	580abffb304e6cb55770ef090c9fcd72e256c6bf6fc80561e70e32317cff5c13
rechiseledcreate:birch_window_slim	axis	3	8b1dbb1d5f088dd471fe287437fc4a025617866578c4f48511ee0f69f21f867c	0ad29817cec0f74fc0697bfc993553fae34ea9da0d92a31054f3f43b10a57786
rechiseledcreate:birch_window_swirling	axis	3	449c3aeb0eac7ba03809a909ec4fa9461b65ee561ed0283b34bb4a7bc0aebae9	16d841ff178e74bb0cbe748291e3b8abd4d39bead9bde08eaae2eb0717c89b0a
rechiseledcreate:birch_window_tiles	axis	3	4fe5f82a50f99757a9025b24f2f6544f74d1df8beda0ad7c9cf80adac8ef983c	6931cfc1815d0aa47e3d00c2309e0b7892189c528ab1539ad46c3a6ea75b4ae2
rechiseledcreate:crimson_window_bars	axis	3	b734fd9127768a4f7df54deb3421b5d374db007c4ce195f713d2b1f4c949fe29	a91f2ac42d965d94adac219316f4412e53bc0071860868a25da4b199358b963f
rechiseledcreate:crimson_window_covered	axis	3	5adcb28dc25e81f87006f407c400154761be41bc67574ae293ee251a61a95550	6625734ca1ddd8a3ff50b9745445170c960dca6349f12882e1d2bd910082e8cc
rechiseledcreate:crimson_window_large	axis	3	fa3d4dd5ca5c76da67ac76299c33eb0084b3b2fbaf8e7187c551806df8363468	7f50de1cfcbaa4f892082cfeb021149992b45348f64ea327b3d5a948a1a48878
rechiseledcreate:crimson_window_panes	axis	3	0f04d437341df13364cab3d39921cc77a2145788f20d518f261e5c2b6df1f40f	597eacbfe43eee00f12dfe101bde99c65260d7b02545c1a6184f1b72fbf521dd
rechiseledcreate:crimson_window_rounded	axis	3	8e83973319a225d00034fa178f1ca2c5ff11a91b53e04eeb3adeb674515a0362	8efd78082dec4d9ee02cf0bc136fc8984a6c6688e98432c464102446fbd90d0c
rechiseledcreate:crimson_window_slim	axis	3	6745f34cc337e6cd27a27cbcaf9e803c2b622b307968b3d1f10502f0c737a003	fa7637e506183b08efd37d2c6e356d04397fc2b433c30d4dcc01039ae4139d2c
rechiseledcreate:crimson_window_swirling	axis	3	629652dda15145831d1a5211929bbaa8370223d6ea23a2ea7d896ae363b633d5	a4fc0cb42af94613624bc85c00cd98292b9768fe6f35bbdd3d1a14c20c0de61e
rechiseledcreate:crimson_window_tiles	axis	3	5c4ff2f3c69d6acc5920f7b810bbe8a28383a792fd344c84e252e4e7fef0a201	a7f1b23d575042f5cfec0f065623736ef0bf7dc787be9c6149a2de2faea0a41c
rechiseledcreate:dark_oak_window_bars	axis	3	27c85235585a58d740b73b79defc5605b0229b38c49d659aaaec4d4fb203bac1	c85b8fa6980b1781d1039d39c6b219ecaece2a2c0340ce8564ef64bb170a7b3e
rechiseledcreate:dark_oak_window_covered	axis	3	d5e37ca89767ad1b38a7bbb4b1f3ad7282686b5195e11b73a23766a25228dbb6	104c17f2cf3b23c8454d7d675054cc3a44dd28f360bb8173666711ca0828d119
rechiseledcreate:dark_oak_window_diagonal	axis	3	d1b227c74be818ab805d4134243af1f787faa47a7ec65b2d7655e7b3da323a02	11c049a0d1c42c09c215be87ca5751361d837aa5be7846f7f9ddb4a1b71c5bd6
rechiseledcreate:dark_oak_window_panes	axis	3	57a984bef94d8f72852387afcff322b9bb5218c0323bdf8c01b22c067b01e476	8a34537a8810daba212c9f42f0817b8c89ba1c2e621aa913907974fe7e051b6d
rechiseledcreate:dark_oak_window_rounded	axis	3	70086289e902dd4b53b93b6711d3a6b4da29db51695f883864e901110953733f	7008725b78ade6741194390b864d9b2e3d81f479b0b3f7885d0c6affbe9037a5
rechiseledcreate:dark_oak_window_slim	axis	3	1fd2eaf48de9d6e05c51d5c1e8ae9e824422e65d750bc395c3b2353ca0095262	b3a843eff68472c8e2ed8dde8c4645c34e205620b28828a15515e10e20afa456
rechiseledcreate:dark_oak_window_swirling	axis	3	07cf6be3e5fdc8071826c6e4f4c10fb38097db622af23f89bb8d6d56298854c1	9a85081ee5b3a5a24002456b7326878b1a3620e82b78863aeaa42ba4b9ea1c1c
rechiseledcreate:dark_oak_window_tiles	axis	3	bcfc2f6ef1cc64aa98c05ab886f539d770bb3106046d2238c17e0e5c2cc9c954	3ac29a71b703347fe116d7bc9ec4985deaa4db762a55c42f9ef4fa26760a4774
rechiseledcreate:jungle_window_bars	axis	3	e1e1244339521d51ffa28b9d4a6e15d5e4992ec1e2c44da72be1297aa9f72895	0376892bf4acf326d35c07e094ebf6b6d7555ff640ca17f287382bec4d314e36
rechiseledcreate:jungle_window_covered	axis	3	c42064c56f6e6c6f7341cdb56c5a0785c525bbd8806825ca21e3bedea67850a5	5b48b15b63f861a5577947f1324fe2cc46c1830e49ffbf0320561e721407ffe2
rechiseledcreate:jungle_window_diagonal	axis	3	892f44bc4114278442b2c99c2aa9c858e84c616077c87bc364caf56561938bbd	9ae680a05da06cbf89f3fc10a580c6ecfe1e89eb5707d26ccd5dd1b8f97cf1a1
rechiseledcreate:jungle_window_large	axis	3	de8d1d6778c4eb917ad91e1deabbed71a43db0b472b36dee865201bf6d188307	e1104bc9f892ec904f16309864ca889584970770cda8e4eff4ba8ffa6b40d04d
rechiseledcreate:jungle_window_panes	axis	3	0775f5d53213c45b3911213062e0e02eea5b87a1a20125ae1fcc360310bd48ad	32cc4a4fec29ba4139788835fdad74955f56c19b57f994e7d38345af29e23d06
rechiseledcreate:jungle_window_rounded	axis	3	70d0171c7cba2c694d79108e2b41815da6d3bb85d842b9caf5e3082a44c949a4	0de5b58165ae9324b13311c545824f9a71e01a7ffad3b7da3bd4750b4d8044e6
rechiseledcreate:jungle_window_swirling	axis	3	4f8e2e9a1d55e4bd6d44cfe6bed6246f5927e945837d43b67b0671bbe2af5bcc	489fc1906ead8c145c922bf9d0a062b6109fd404c9d2ea0d1c7f6d7ad19cd415
rechiseledcreate:jungle_window_tiles	axis	3	2031953258601eb6c97a064d5e7dad1195308f3ac726c4b82cc73688fcaae774	bd90309e70af16df9ce84d2e35479008e52b4d09ea8bb6047e695cb8fe71b30a
rechiseledcreate:mangrove_window_bars	axis	3	3366476e9aa30e6fb7e9eed1ef8617e80b549dda86f80bbd187619452285c4c5	645bf4c9b74f9dfe24e6d3c8d02921a324e4430d53fa8f60b0fa72a467913127
rechiseledcreate:mangrove_window_covered	axis	3	67c8cdc2e0231a42e32884bcd2385b303983e9204e5dfcc1ae7b22ff6d8b7444	23dd2eddf4e2bba7a5e57551fefd52d7a78e3444119c3683b7b2e9e1f1b2e856
rechiseledcreate:mangrove_window_diagonal	axis	3	02b50c0a93b03ee29379a7169dbc2d467a1b73930bfb23177d200b0cc6a4c84e	4bbbe239a072f6e7ba5ca73033f01b496096e81878472502fed30f87aed6f5d7
rechiseledcreate:mangrove_window_large	axis	3	b87b619f55b53694802b9da20bb46217ad6e43208a593de8eb6f3ff23630ecde	c58581aaf27eeaf08b264404421300d6abf7d9cc4fc17db28329e92339bbf8cf
rechiseledcreate:mangrove_window_panes	axis	3	fbcffcd8f91483c3a491460a3bdcc0c44ec1abe195d30e9757e159f4a6c80a3b	0e6966dc28fda0199c43e725e5e008b13371558c04050263e5297f1e70dc82fd
rechiseledcreate:mangrove_window_slim	axis	3	4aaabd6fd8ef4bfec011769a0ec740225cebf024474a0458904f14e20ad66b2c	feac990429743f282ebf05867459e2d853e816f7eefca300cb3e47da130d3b63
rechiseledcreate:mangrove_window_swirling	axis	3	e1cba423954c2103ac550ccf3217a37c71016de465bef563bd6eb045e8391bbe	eb22ebe6fd97a6c997fa47c588fd6f851dc2f0f7ab41449bdf3054202d9d4be5
rechiseledcreate:mangrove_window_tiles	axis	3	1263838b802827a8c2413efa958e1f772f33ff37c282f7277149216ff93e5849	99ee7690ffd912fcb1d7820e2afe036f0efe23852ebf7680d03eecdf6a6f53f2
rechiseledcreate:oak_window_bars	axis	3	27bd1f6c8ecdc801b5cc3a6a1a4f24741bdf7e84ce16923f29bcac2b6a708447	25f8701531fc6c9326984551ab0799e597f5880605a5285893680b50ed47fa9e
rechiseledcreate:oak_window_covered	axis	3	294fb37b9710d428451334ab8a67b7719affdfd718f8182939bf9e9152a35149	b2c485934a359b755fe623ec1d2c70843592787e3b0c5edf7efee9e8b984a822
rechiseledcreate:oak_window_diagonal	axis	3	958bc245fae0e07d06add292b2b178de5aa7335318c5aab49503ba68a7f313cd	1dad052dfd6e05bf5e3386f5a8f57ef2e9c599d6ef298b0ba0ef0c9bbdab5afa
rechiseledcreate:oak_window_large	axis	3	07ad8034527978b3a99ddd6d1b9a644fb9ec2263cf7d6d0c2d53911db0f62ce6	ba546d056534577f0d5fca42e031649af9f4c58ec424fe88985682fe22bbbac4
rechiseledcreate:oak_window_rounded	axis	3	2e484afd5eabcb27f983e1c540a966746daaf53c593f0f48550faba74eca0e72	d69871a1c43fb221d80eaf5c81c7d5fcfd433c0a39af6b5a91c099262b0d1c09
rechiseledcreate:oak_window_slim	axis	3	26d39971a599ccbad4006838b25226a74d288ea848a12539643ad655d4990d05	734f19bcb80758ebc5ef040f70b124ed9babde1c60786ddaf230997f1b17f891
rechiseledcreate:oak_window_swirling	axis	3	9a6b1bdbfd7dba233cf247501f8c3f0f09564bd1c41dd256c60f8161a772de85	1dbfd575dbd741f24ff7e4a3583e8e577a1c901c6663b9a8d0f66c5c43f3a8d7
rechiseledcreate:oak_window_tiles	axis	3	298d72869d1a8a916d2bdaa82240ca6bffd2969750928052ff23a5c554a3276a	fc26ae60becf9186c4c0a3dbcc1b86c6079a2c2a2234ea9e8105018e71498b6f
rechiseledcreate:rose_quartz_bricks	full	1	4b539223e2ef7068400d6a5595eb74dfe53ffca70da0b90644e9796047e8f444	29fe43c6074df7fed61204f7e5e7348de95ad4e5ac1667a871bb81748adad963
rechiseledcreate:rose_quartz_chiseled	full	1	c54dbf65f904cf827e733c5ee3d465401223bbc36b2b76b9f6efbf83a3dcfb67	f80e1ff4963894bde1da2341aaa470723ca3d02f0eb1dca5339ef5a74148f24c
rechiseledcreate:rose_quartz_crushed	full	1	d42cdddceadcd213175e2a2374b1a3961feffaa8c20168fbb07629bbb41e3627	3e433543e9750ae9dc06361ae2473151b1aba7240c2a482dfc85c230fbc3f405
rechiseledcreate:rose_quartz_polished_block	full	1	1a1f87bf67ed012d3d23b2ba72afeefd51943828cceebad2cd121be2be377031	c8123c43167a05fb7232fa41a4c968bf6911091439bb1ae24ca13270c6f67693
rechiseledcreate:rose_quartz_squares	full	1	50eb47743b2ceeb4cbb1aa366bcc8ea7412ff55daec7773e0742be24f5d2fa7a	e466c1053cd15ef41faa41c55c09e014741d4b0078691a9c172886a8cfc258ea
rechiseledcreate:spruce_window_bars	axis	3	6e8ed47ac8a1578083b7ab5af2460ed204ee8c6a9dd158a0ed379cf442d18452	d21885ee6b03601e9e4147f0eb8fe1c4f5cb5688bfff1e005eae2edcd95a3302
rechiseledcreate:spruce_window_covered	axis	3	4766589cf6bb818b5a32eff0a61b69d0d45e0a8ee8713650e725cac4956a5259	3db0ac952728fec1a7365d7f9aea573d58e5c396465bf5c535e12a79edaffaf1
rechiseledcreate:spruce_window_diagonal	axis	3	1c072be49fc7a2f613c5c878dad5238298151919ca3abcb6dbf8b7df24da06f4	020d46ac8b56afec4513e935f69402d9565074f02a32bab2c1001872c2e3ba45
rechiseledcreate:spruce_window_large	axis	3	253babee5af42e9a256ad4e2b17db97c20928ee48a4ff0482209505c879bfa64	01f9eef9c44c7456aa244409fcca6dd6c21300f41207c81e525eeceb0e276f41
rechiseledcreate:spruce_window_panes	axis	3	69f5e8ae08938cbfa48dfceeace82b18d887129942cf67a7749793f666b5aee2	bf1a18d64286078b5fe30f9c6015cb90faeb63f5a1b1c80b170fcc3a5c99a90c
rechiseledcreate:spruce_window_rounded	axis	3	9c74be51ec251a8a883eb80941a28d336409e16b3c6cce49a119224a07782fe4	3e6c2141c2e4506954d0c88e0c7a9bc04ad87793b54f06de8696cc508a426ab3
rechiseledcreate:spruce_window_slim	axis	3	3608410dc1807a3dfdc1f55aae8545376092e3f3aa8680ec2a5e5a162ce95b16	c9807d1662b1de4182679ab4e7f14038a253841c5142d5ac28c750a4a80b90f7
rechiseledcreate:spruce_window_swirling	axis	3	d2003f9ebf18fcfd7dfcd02a192ad97e6ce24224494939f587a0eb2a66c65b94	e274c8ab746bdf96902efd90c6ddb8dd52ca77a4f364493579e1d7ae7c10777f
rechiseledcreate:spruce_window_tiles	axis	3	335e057feda1a286a2bf10db22ce941f5abf067860603eb658eae77ca39dab98	28410b0d6763244657b27006bc615b07fabadfb75e3503b7e2be05934de1cd2c
rechiseledcreate:warped_window_bars	axis	3	8dc614e6c711c8fe41b677b004a9fd4705ea2f47cc48d4a6faf36db2ed5d92cf	dccfcef2ad95fda77e323ed65ce7f734cf1056cf9c3f71d619037a017bfa2345
rechiseledcreate:warped_window_covered	axis	3	04ea74f874067c6d14347dc9ee936e3c8c34ee5ddc0bc196263a256f69dba443	a745fd5ca49c2919434ee62b57f35b8fc514fbbc8ba9a99aed09914f538823e5
rechiseledcreate:warped_window_diagonal	axis	3	a1a48b125a3446b98143cb09baafaf4702efd64a8e229d32cc5d30014bcca735	e87b1d5dacbae9c1e659e9a0778681976da7501169d4d37d62615725e9b3be2e
rechiseledcreate:warped_window_large	axis	3	61654a0106688f3e859975efb0df53f9389d1f060f452dabc0424d99ae423ae0	02d9829eb0816b66e3c2c66e1ce789261dfd8289e25c87ff0c9dd3fc674751a6
rechiseledcreate:warped_window_panes	axis	3	60e7dfbb8420885c5f48695cb10f50c902db5d71d33109371c283e45addd36e1	53d8fb215f2fd9cedba389fec097581f62ab5d519fe6b6ebe3fe56986d838ce1
rechiseledcreate:warped_window_rounded	axis	3	1ac626c362839928ae5c275e58388f10f193a6933603c811c63f6ee03da890a2	8e983fc5ee19dbc4481b7b595cc49573d0a8d5dbdc388bab79ea0eb0478d07cd
rechiseledcreate:warped_window_slim	axis	3	5f334d8a9b83dabb8a50c235a91849953af6fae34190ba4c78df2a71d713c480	b16301cb4c51a45511300ac3b79f1f86250d0e1205874276964dc7b1a429041a
rechiseledcreate:warped_window_tiles	axis	3	be460c5438985a03fb1dd81020a728c304719e32726a0049fc7808c8378bd7ed	c6ab6429add3ae846cb1bee69e3e6b3423d1fe1f2e87813d0c56ce56d67a76b6
